"Reference","Qty","Value","DNP","Exclude from BOM","Exclude from Board","LCSC Part Number","Footprint","Datasheet","Description"
"C1,C6,C26","3","0.1uF","","","","C14663","Capacitor_SMD:C_0603_1608Metric","","Unpolarized capacitor"
"C2,C5","2","10uF","","","","C13585","Capacitor_SMD:C_1206_3216Metric","","Unpolarized capacitor"
"C3,C4","2","1nF","","","","C1588","Capacitor_SMD:C_0603_1608Metric","","Unpolarized capacitor, small symbol"
"C7,C8","2","15p","","","","C1548","Capacitor_SMD:C_0402_1005Metric","",""
"C10,C14,C17,C18,C19,C20,C21,C22,C23,C24,C27,C33","12","100nF","","","","C1525","Capacitor_SMD:C_0402_1005Metric","",""
"C12,C13","2","4.7uF","","","","C23733","RP2350:C_0402_1005Metric_small_pads","",""
"C15,C16","2","4.7uF","","","","C23733","Capacitor_SMD:C_0402_1005Metric","",""
"C25,C28,C30,C36,C37","5","10uF","","","","C15850","Capacitor_SMD:C_0805_2012Metric","",""
"C29,C31,C32,C39","4","22uF","","","","C45783","Capacitor_SMD:C_0805_2012Metric","",""
"C34","1","4.7nF","","","","","Capacitor_SMD:C_0402_1005Metric","",""
"C35","1","1uF","","","","","Capacitor_SMD:C_0402_1005Metric","",""
"C38","1","100uF","","","","C134801","Capacitor_SMD:CP_Elec_6.3x7.7","","Polarized capacitor"
"Card1","1","TF-015","","","","C113206","easyeda2kicad:TF-SMD_TF-015","https://lcsc.com/product-detail/Card-Sockets_TF-015_C113206.html",""
"D1","1","SMAJ5.0A","","","","","Diode_SMD:D_SMA","","Zener diode"
"D3","1","1N4148W","","","","C81598","Diode_SMD:D_SOD-123","https://www.vishay.com/docs/85748/1n4148w.pdf","75V 0.15A Fast Switching Diode, SOD-123"
"FB1,FB2","2","FerriteBead_Small","","","","C85840","Inductor_SMD:L_0805_2012Metric","","Ferrite bead, small symbol"
"H1,H2,H3,H13,H14","5","Conn_01x02","","","","C124375","Connector_PinHeader_2.54mm:PinHeader_1x02_P2.54mm_Vertical","","Generic connector, single row, 01x02, script generated (kicad-library-utils/schlib/autogen/connector/)"
"J2","1","Conn_01x03","","","","C49257","Connector_PinHeader_2.54mm:PinHeader_1x03_P2.54mm_Vertical","","Generic connector, single row, 01x03, script generated (kicad-library-utils/schlib/autogen/connector/)"
"J4","1","USB_C_Receptacle_USB2.0_16P","","","","C165948","Connector_USB:USB_C_Receptacle_HRO_TYPE-C-31-M-12","","USB 2.0-only 16P Type-C Receptacle connector"
"J6","1","Conn_01x04_Pin","","","","C124378","Connector_PinHeader_2.54mm:PinHeader_1x04_P2.54mm_Vertical","","Generic connector, single row, 01x04, script generated"
"J7","1","Conn_01x05","","","","C124379","Connector_PinHeader_2.54mm:PinHeader_1x05_P2.54mm_Vertical","","Generic connector, single row, 01x05, script generated (kicad-library-utils/schlib/autogen/connector/)"
"L1","1","3.3u","","","","C42411119","RP2350:L_pol_2016","",""
"L2","1","2.2 µH","","","","C167804","easyeda2kicad:IND-SMD_L4.0-W4.0_FNR40XXS","","Inductor"
"L3","1","FNR4018S1R5MT","","","","C167802","easyeda2kicad:IND-SMD_L4.0-W4.0_FNR40XXS","https://lcsc.com/product-detail/Power-Inductors_1-5uH-20_C167802.html",""
"LED1","1","XL-3528RGBW-HM","","","","C2843813","Custom:LED-SMD_4P-L3.2-W2.8-LS3.5-XL-3528RGBW-HM5","https://www.lcsc.com/datasheet/C2843813.pdf",""
"Q1","1","2N7002","","","","C8545","Package_TO_SOT_SMD:SOT-23","https://www.onsemi.com/pub/Collateral/NDS7002A-D.PDF","0.115A Id, 60V Vds, N-Channel MOSFET, SOT-23"
"R1,R2","2","330R","","","","C23138","Resistor_SMD:R_0603_1608Metric","","Resistor"
"R7","1","0","","","","C17168","Resistor_SMD:R_0402_1005Metric","",""
"R8,R11","2","5.1K","","","","C25905","Resistor_SMD:R_0402_1005Metric","","Resistor"
"R10,R12,R14,R26","4","1K","","","","C11702","Resistor_SMD:R_0402_1005Metric","","Resistor"
"R13,R18,R20","3","33R","","","","C25105","Resistor_SMD:R_0402_1005Metric","","Resistor"
"R15,R16","2","27R","","","","C25100","Resistor_SMD:R_0402_1005Metric","",""
"R17,R30,R40,R41","4","100K","","","","C25741","Resistor_SMD:R_0402_1005Metric","","Resistor"
"R19","1","200R","","","","C25087","Resistor_SMD:R_0402_1005Metric","","Resistor"
"R22","1","22K","","","","C25768","Resistor_SMD:R_0402_1005Metric","","Resistor"
"R23,R35","2","10K","","","","C25744","Resistor_SMD:R_0402_1005Metric","","Resistor"
"R24,R25","2","22K","","","","C31850","Resistor_SMD:R_0603_1608Metric","","Resistor"
"R27,R28,R29,R33","4","47K","","","","C25792","Resistor_SMD:R_0402_1005Metric","","Resistor"
"R31","1","24K","","","","C25769","Resistor_SMD:R_0402_1005Metric","","Resistor"
"R32","1","330K","","","","C25778","Resistor_SMD:R_0402_1005Metric","","Resistor"
"R34","1","120K","","","","C25750","Resistor_SMD:R_0402_1005Metric","","Resistor"
"R36","1","110K","","","","C2909311","Resistor_SMD:R_0402_1005Metric","","Resistor"
"R37,R38,R39","3","75K","","","","C25798","Resistor_SMD:R_0402_1005Metric","","Resistor"
"S1,S2","2","TS-1187A-B-A-B","","","","C318884","Custom:SW_TS-1187A-B-A-B","","Tactile Switch SPST 160gf 1.5mm 5.1mm x 5.1mm Surface Mount"
"U1","1","Optocoupler_DC_PhotoNPN_AKEC","","","","C42381015","Package_SO:SO-4_4.4x3.6mm_P2.54mm","","Generic DC optocoupler with NPN phototransistor output, pins order: anode/cathode/emitter/collector"
"U2","1","MAX98357A","","","","C910544","Package_DFN_QFN:TQFN-16-1EP_3x3mm_P0.5mm_EP1.23x1.23mm","https://www.analog.com/media/en/technical-documentation/data-sheets/MAX98357A-MAX98357B.pdf","Mono DAC with amplifier, I2S, PCM, TDM, 32-bit, 96khz, 3.2W, TQFP-16"
"U5","1","RP2350_60QFN","","","","C41378174","RP2350:RP2350-QFN-60-1EP_7x7_P0.4mm_EP3.4x3.4mm_ThermalVias","",""
"U6","1","TPS63020DSJR","","","","C15483","easyeda2kicad:VSON-14_L4.0-W3.0-P0.50-BL-EP_TI_DSJ","https://lcsc.com/product-detail/DC-DC-Converters_TI_TPS63020DSJR_TPS63020DSJR_C15483.html",""
"U7","1","KF350-3.5-2P","","","","C474892","easyeda2kicad:CONN-TH_P3.50_KF350-3.5-2P","https://lcsc.com/product-detail/New-Quadratic-Unclassified-Data_Cixi-Kefa-Elec-KF350-3-5-2P_C474892.html",""
"U8","1","TPS25921ADR","","","","C189199","easyeda2kicad:SOIC-8_L5.0-W4.0-P1.27-LS6.0-BL","https://lcsc.com/product-detail/PMIC-Supervisors_TI_TPS25921ADR_TPS25921ADR_C189199.html",""
"U9","1","TPS61094DSSR","","","","C3034939","easyeda2kicad:WSON-12_L3.0-W2.0-P0.5-BL-EP","https://www.lcsc.com/datasheet/C3034939.pdf",""
"Y1","1","ABM8-272-T3","","","","C20617575","Crystal:Crystal_SMD_3225-4Pin_3.2x2.5mm","",""
