Designator,Footprint,Quantity,Value,LCSC Part #
"C1, C26, C6",0603,3,0.1uF,C14663
"C10, C14, C17, C18, C19, C20, C21, C22, C23, C24, C27, C33",0402,12,100nF,C1525
"C12, C13, C15, C16",0402,4,4.7uF,C23733
"C2, C5",1206,2,10uF,C13585
"C25, C28, C30, C36, C37",0805,5,10uF,C15850
"C29, C31, C32, C39",0805,4,22uF,C45783
"C3, C4",0603,2,1nF,C1588
C34,0402,1,4.7nF,
C35,0402,1,1uF,
C38,CP_Elec_6.3x7.7,1,100uF,C134801
"C7, C8",0402,2,15p,C1548
CARD1,TF-SMD_TF-015,1,TF-015,C113206
D1,D_SMA,1,SMAJ5.0A,
D3,D_SOD-123,1,1N4148W,C81598
"FB1, FB2",0805,2,FerriteBead_Small,C85840
"H1, H13, H14, H2, H3",PinHeader_1x02_P2.54mm_Vertical,5,Conn_01x02,C124375
J2,PinHeader_1x03_P2.54mm_Vertical,1,Conn_01x03,C49257
J4,USB_C_Receptacle_HRO_TYPE-C-31-M-12,1,USB_C_Receptacle_USB2.0_16P,C165948
J6,PinHeader_1x04_P2.54mm_Vertical,1,Conn_01x04_Pin,C124378
J7,PinHeader_1x05_P2.54mm_Vertical,1,Conn_01x05,C124379
L1,L_pol_2016,1,3.3u,C42411119
L2,IND-SMD_L4.0-W4.0_FNR40XXS,1,2.2 µH,C167802
L3,IND-SMD_L4.0-W4.0_FNR40XXS,1,FNR4018S1R5MT,C167802
LED1,LED-SMD_4P-L3.2-W2.8-LS3.5-XL-3528RGBW-HM5,1,XL-3528RGBW-HM,C2843813
Q1,SOT-23,1,2N7002,C8545
"R1, R2",0603,2,330R,C23138
"R10, R12, R14, R26",0402,4,1K,C11702
"R11, R8",0402,2,5.1K,C25905
"R13, R18, R20",0402,3,33R,C25105
"R15, R16",0402,2,27R,C25100
"R17, R30, R40, R41",0402,4,100K,C25741
R19,0402,1,200R,C25087
R22,0402,1,22K,C25768
"R23, R35",0402,2,10K,C25744
"R24, R25",0603,2,22K,C31850
"R27, R28, R29, R33",0402,4,47K,C25792
R31,0402,1,24K,C25769
R32,0402,1,330K,C25778
R34,0402,1,120K,C25750
R36,0402,1,110K,C2909311
"R37, R38, R39",0402,3,75K,C25798
R7,0402,1,0,C17168
"S1, S2",SW_TS-1187A-B-A-B,2,TS-1187A-B-A-B,C318884
U1,SO-4_4.4x3.6mm_P2.54mm,1,Optocoupler_DC_PhotoNPN_AKEC,C42381015
U2,TQFN-16-1EP_3x3mm_P0.5mm_EP1.23x1.23mm,1,MAX98357A,C910544
U5,RP2350-QFN-60-1EP_7x7_P0.4mm_EP3.4x3.4mm_ThermalVias,1,RP2350_60QFN,C41378174
U6,VSON-14_L4.0-W3.0-P0.50-BL-EP_TI_DSJ,1,TPS63020DSJR,C15483
U7,CONN-TH_P3.50_KF350-3.5-2P,1,KF350-3.5-2P,C474892
U8,SOIC-8_L5.0-W4.0-P1.27-LS6.0-BL,1,TPS25921ADR,C189199
U9,WSON-12_L3.0-W2.0-P0.5-BL-EP,1,TPS61094DSSR,C3034939
Y1,Crystal_SMD_3225-4Pin_3.2x2.5mm,1,ABM8-272-T3,C20617575
