Designator,Mid X,Mid Y,Rotation,Layer
C1,23.784,33.706,180.0,top
C10,60.956,35.229,90.0,top
C11,52.737,16.292,270.0,top
C12,54.5844,25.0192,270.0,top
C13,55.6004,25.0192,270.0,top
C14,48.927,21.438,270.0,top
C15,52.483,21.41,270.0,top
C16,49.435,35.154,90.0,top
C17,41.6812,27.3052,180.0,top
C18,47.911,19.434,270.0,top
C19,51.467,19.434,270.0,top
C2,26.259,35.992,180.0,top
C20,55.2956,29.82,0.0,top
C21,44.863,20.4192,270.0,top
C22,51.467,36.904,90.0,top
C23,40.291,29.312,180.0,top
C24,47.403,36.932,90.0,top
C25,48.419,41.692,270.0,top
C26,48.59,-13.03,90.0,top
C27,40.49,-1.6,180.0,top
C28,40.02,-9.22,180.0,top
C29,29.86,-9.22,0.0,top
C3,20.545,35.23,0.0,top
C30,40.02,-5.41,180.0,top
C31,24.78,-9.22,0.0,top
C32,19.7,-9.22,0.0,top
C33,47.32,14.91,180.0,top
C4,20.545,44.12,180.0,top
C5,49.02,45.39,0.0,top
C6,51.511,49.848,270.0,top
C7,38.39,29.05,90.0,top
C8,38.39,26.002,270.0,top
C9,64.421,19.914,270.0,top
CARD1,37.905,39.89,180.0,top
D1,45.605,-11.22,90.0,top
D2,45.491,6.02,0.0,top
D3,51.892,-8.458,90.0,top
FB1,16.685,37.77,180.0,top
FB2,16.685,41.58,180.0,top
H1,21.92,-4.14,90.0,top
H13,32.08,-4.14,90.0,top
H14,68.91,-10.49,90.0,top
H2,21.92,3.48,90.0,top
H3,32.08,3.48,90.0,top
J2,23.19,27.61,90.0,top
J4,70.4,28.37,90.0,top
J6,24.323,19.99,90.0,top
J7,25.593,12.37,90.0,top
L1,57.226,24.678,270.0,top
L3,24.46,-13.03,270.0,top
LED1,68.63,45.91,0.0,top
Q1,54.0025,-13.03,180.0,top
R1,21.92,8.56,0.0,top
R10,38.898,27.554,180.0,top
R11,63.83,31.42,180.0,top
R12,6.17,-14.3,180.0,top
R13,53.499,21.436,90.0,top
R14,53.0215,44.552,90.0,top
R15,55.023,28.55,180.0,top
R16,55.023,27.534,180.0,top
R17,49.86,-9.73,90.0,top
R18,65.86,50.47,0.0,top
R19,65.86,49.2,0.0,top
R2,37.605,2.21,270.0,top
R20,65.86,51.74,0.0,top
R22,36.65,-10.49,180.0,top
R23,51.13,-13.03,90.0,top
R24,43.51,12.37,180.0,top
R25,47.765,12.37,180.0,top
R26,51.13,-15.57,180.0,top
R27,48.275,47.93,180.0,top
R28,48.275,50.47,180.0,top
R29,48.275,49.2,180.0,top
R3,45.605,-5.41,180.0,top
R30,34.11,-9.22,0.0,top
R31,34.11,-7.95,180.0,top
R4,45.605,-2.87,180.0,top
R5,45.3735,0.94,0.0,top
R7,61.21,42.371,270.0,top
R8,63.83,26.34,180.0,top
S1,12.22,-12.425,180.0,top
S2,68.1,39.705,0.0,top
U1,38.43,9.297,90.0,top
U2,24.9625,40.83,0.0,top
U4,58.477,19.646,0.0,top
U5,48.597,28.226,270.0,top
U6,32.08,-13.03,180.0,top
U7,9.22,39.04,270.0,top
Y1,34.746,27.638,270.0,top
